{
  "project_info": {
    "project_number": "128084141579",
    "project_id": "lklbuy",
    "storage_bucket": "lklbuy.appspot.com"
  },
  "client": [
    {
      "client_info": {
        "mobilesdk_app_id": "1:128084141579:android:1d94ada058d06ddbb8c90e",
        "android_client_info": {
          "package_name": "com.codegemz.click_counter"
        }
      },
      "oauth_client": [
        {
          "client_id": "128084141579-scogiqb5khb2nnt2vv6doerb0eutkm7o.apps.googleusercontent.com",
          "client_type": 3
        }
      ],
      "api_key": [
        {
          "current_key": "AIzaSyDXRVCFSpJIh1RvbUL55X4M0uwMpzxUIgc"
        }
      ],
      "services": {
        "appinvite_service": {
          "other_platform_oauth_client": [
            {
              "client_id": "128084141579-scogiqb5khb2nnt2vv6doerb0eutkm7o.apps.googleusercontent.com",
              "client_type": 3
            }
          ]
        }
      }
    }
  ],
  "configuration_version": "1"
}